term,Estimate,Adjusted SE,z value,Pr(>|z|),odds_ratio,2.5 %,97.5 %
age_mean_ctr,-0.09250727600228352,0.0843617081196973,1.0965552744739215,0.27283585,0.9116425778268524,-0.25785318559117043,0.0728386335866034
sexMale,-1.7058245228484898,1.6441283965498117,1.0375251266434828,0.29949119,0.18162257246064423,-4.9282569660457085,1.5166079203487286
infected_c19Yes,2.219109421331327,1.1709999203389867,1.895055142863655,0.0580851,9.199134663640844,-0.07600824843235854,4.514227091095012
