term,Estimate,Adjusted SE,z value,Pr(>|z|),odds_ratio,2.5 %,97.5 %
age_mean_ctr,-0.0959844658335492,0.08205305686903613,1.169785374196952,0.24208735,0.9084781284095578,-0.2568055021182769,0.06483657045117848
sexMale,-1.7913328784430347,1.6470043487178396,1.0876309342094646,0.27675807,0.16673778029796818,-5.0194020843108476,1.4367363274247784
infected_c19Yes,2.2339404934427347,1.1735331420244068,1.903602389608758,0.05696199,9.33658443750062,-0.06614219958923018,4.5340231864747
